4Head,https://static-cdn.jtvnw.net/emoticons/v1/354/1.0
AMPTropPunch,https://static-cdn.jtvnw.net/emoticons/v1/110785/1.0
ANELE,https://static-cdn.jtvnw.net/emoticons/v1/3792/1.0
ArgieB8,https://static-cdn.jtvnw.net/emoticons/v1/51838/1.0
ArigatoNas,https://static-cdn.jtvnw.net/emoticons/v1/160393/1.0
ArsonNoSexy,https://static-cdn.jtvnw.net/emoticons/v1/50/1.0
AsianGlow,https://static-cdn.jtvnw.net/emoticons/v1/74/1.0
BCWarrior,https://static-cdn.jtvnw.net/emoticons/v1/30/1.0
BJBlazkowicz,https://static-cdn.jtvnw.net/emoticons/v1/206495/1.0
BabyRage,https://static-cdn.jtvnw.net/emoticons/v1/22639/1.0
BatChest,https://static-cdn.jtvnw.net/emoticons/v1/115234/1.0
BegWan,https://static-cdn.jtvnw.net/emoticons/v1/160394/1.0
BibleThump,https://static-cdn.jtvnw.net/emoticons/v1/86/1.0
BigBrother,https://static-cdn.jtvnw.net/emoticons/v1/1904/1.0
BigPhish,https://static-cdn.jtvnw.net/emoticons/v1/160395/1.0
BlargNaut,https://static-cdn.jtvnw.net/emoticons/v1/114738/1.0
BlessRNG,https://static-cdn.jtvnw.net/emoticons/v1/153556/1.0
BloodTrail,https://static-cdn.jtvnw.net/emoticons/v1/69/1.0
BrainSlug,https://static-cdn.jtvnw.net/emoticons/v1/115233/1.0
BrokeBack,https://static-cdn.jtvnw.net/emoticons/v1/4057/1.0
BudStar,https://static-cdn.jtvnw.net/emoticons/v1/97856/1.0
BuddhaBar,https://static-cdn.jtvnw.net/emoticons/v1/27602/1.0
CarlSmile,https://static-cdn.jtvnw.net/emoticons/v1/166266/1.0
ChefFrank,https://static-cdn.jtvnw.net/emoticons/v1/90129/1.0
CoolCat,https://static-cdn.jtvnw.net/emoticons/v1/58127/1.0
CoolStoryBob,https://static-cdn.jtvnw.net/emoticons/v1/123171/1.0
CorgiDerp,https://static-cdn.jtvnw.net/emoticons/v1/49106/1.0
CrreamAwk,https://static-cdn.jtvnw.net/emoticons/v1/191313/1.0
CurseLit,https://static-cdn.jtvnw.net/emoticons/v1/116625/1.0
DAESuppy,https://static-cdn.jtvnw.net/emoticons/v1/973/1.0
DBstyle,https://static-cdn.jtvnw.net/emoticons/v1/73/1.0
DansGame,https://static-cdn.jtvnw.net/emoticons/v1/33/1.0
DarkMode,https://static-cdn.jtvnw.net/emoticons/v1/461298/1.0
DatSheffy,https://static-cdn.jtvnw.net/emoticons/v1/111700/1.0
DendiFace,https://static-cdn.jtvnw.net/emoticons/v1/58135/1.0
DogFace,https://static-cdn.jtvnw.net/emoticons/v1/114835/1.0
DoritosChip,https://static-cdn.jtvnw.net/emoticons/v1/102242/1.0
DxCat,https://static-cdn.jtvnw.net/emoticons/v1/110734/1.0
EleGiggle,https://static-cdn.jtvnw.net/emoticons/v1/4339/1.0
EntropyWins,https://static-cdn.jtvnw.net/emoticons/v1/376765/1.0
FUNgineer,https://static-cdn.jtvnw.net/emoticons/v1/244/1.0
FailFish,https://static-cdn.jtvnw.net/emoticons/v1/360/1.0
FrankerZ,https://static-cdn.jtvnw.net/emoticons/v1/65/1.0
FreakinStinkin,https://static-cdn.jtvnw.net/emoticons/v1/117701/1.0
FunRun,https://static-cdn.jtvnw.net/emoticons/v1/48/1.0
FutureMan,https://static-cdn.jtvnw.net/emoticons/v1/98562/1.0
GingerPower,https://static-cdn.jtvnw.net/emoticons/v1/32/1.0
GivePLZ,https://static-cdn.jtvnw.net/emoticons/v1/112291/1.0
GrammarKing,https://static-cdn.jtvnw.net/emoticons/v1/3632/1.0
HSCheers,https://static-cdn.jtvnw.net/emoticons/v1/444572/1.0
HSLight,https://static-cdn.jtvnw.net/emoticons/v1/444567/1.0
HSVoid,https://static-cdn.jtvnw.net/emoticons/v1/444568/1.0
HSWP,https://static-cdn.jtvnw.net/emoticons/v1/446979/1.0
HassaanChop,https://static-cdn.jtvnw.net/emoticons/v1/20225/1.0
HassanChop,https://static-cdn.jtvnw.net/emoticons/v1/68/1.0
HeyGuys,https://static-cdn.jtvnw.net/emoticons/v1/30259/1.0
HotPokket,https://static-cdn.jtvnw.net/emoticons/v1/357/1.0
HumbleLife,https://static-cdn.jtvnw.net/emoticons/v1/46881/1.0
InuyoFace,https://static-cdn.jtvnw.net/emoticons/v1/160396/1.0
ItsBoshyTime,https://static-cdn.jtvnw.net/emoticons/v1/133468/1.0
JKanStyle,https://static-cdn.jtvnw.net/emoticons/v1/15/1.0
Jebaited,https://static-cdn.jtvnw.net/emoticons/v1/114836/1.0
JonCarnage,https://static-cdn.jtvnw.net/emoticons/v1/26/1.0
KAPOW,https://static-cdn.jtvnw.net/emoticons/v1/133537/1.0
Kappa,https://static-cdn.jtvnw.net/emoticons/v1/25/1.0
KappaClaus,https://static-cdn.jtvnw.net/emoticons/v1/74510/1.0
KappaPride,https://static-cdn.jtvnw.net/emoticons/v1/55338/1.0
KappaRoss,https://static-cdn.jtvnw.net/emoticons/v1/70433/1.0
KappaWealth,https://static-cdn.jtvnw.net/emoticons/v1/81997/1.0
Kappu,https://static-cdn.jtvnw.net/emoticons/v1/160397/1.0
Keepo,https://static-cdn.jtvnw.net/emoticons/v1/1902/1.0
KevinTurtle,https://static-cdn.jtvnw.net/emoticons/v1/40/1.0
Kippa,https://static-cdn.jtvnw.net/emoticons/v1/1901/1.0
KonCha,https://static-cdn.jtvnw.net/emoticons/v1/160400/1.0
Kreygasm,https://static-cdn.jtvnw.net/emoticons/v1/41/1.0
LUL,https://static-cdn.jtvnw.net/emoticons/v1/425618/1.0
MVGame,https://static-cdn.jtvnw.net/emoticons/v1/142140/1.0
Mau5,https://static-cdn.jtvnw.net/emoticons/v1/30134/1.0
MikeHogu,https://static-cdn.jtvnw.net/emoticons/v1/81636/1.0
MingLee,https://static-cdn.jtvnw.net/emoticons/v1/68856/1.0
MorphinTime,https://static-cdn.jtvnw.net/emoticons/v1/156787/1.0
MrDestructoid,https://static-cdn.jtvnw.net/emoticons/v1/28/1.0
NinjaGrumpy,https://static-cdn.jtvnw.net/emoticons/v1/138325/1.0
NomNom,https://static-cdn.jtvnw.net/emoticons/v1/90075/1.0
NotATK,https://static-cdn.jtvnw.net/emoticons/v1/34875/1.0
NotLikeThis,https://static-cdn.jtvnw.net/emoticons/v1/58765/1.0
OSfrog,https://static-cdn.jtvnw.net/emoticons/v1/81248/1.0
OSkomodo,https://static-cdn.jtvnw.net/emoticons/v1/81273/1.0
OSsloth,https://static-cdn.jtvnw.net/emoticons/v1/81249/1.0
OhMyDog,https://static-cdn.jtvnw.net/emoticons/v1/81103/1.0
OneHand,https://static-cdn.jtvnw.net/emoticons/v1/66/1.0
OpieOP,https://static-cdn.jtvnw.net/emoticons/v1/100590/1.0
OptimizePrime,https://static-cdn.jtvnw.net/emoticons/v1/16/1.0
PJSalt,https://static-cdn.jtvnw.net/emoticons/v1/36/1.0
PJSugar,https://static-cdn.jtvnw.net/emoticons/v1/102556/1.0
PMSTwin,https://static-cdn.jtvnw.net/emoticons/v1/92/1.0
PRChase,https://static-cdn.jtvnw.net/emoticons/v1/28328/1.0
PanicVis,https://static-cdn.jtvnw.net/emoticons/v1/3668/1.0
PartyTime,https://static-cdn.jtvnw.net/emoticons/v1/135393/1.0
PeoplesChamp,https://static-cdn.jtvnw.net/emoticons/v1/3412/1.0
PermaSmug,https://static-cdn.jtvnw.net/emoticons/v1/27509/1.0
PeteZaroll,https://static-cdn.jtvnw.net/emoticons/v1/508742/1.0
PicoMause,https://static-cdn.jtvnw.net/emoticons/v1/111300/1.0
PipeHype,https://static-cdn.jtvnw.net/emoticons/v1/4240/1.0
PogChamp,https://static-cdn.jtvnw.net/emoticons/v1/88/1.0
Poooound,https://static-cdn.jtvnw.net/emoticons/v1/117484/1.0
PowerUpL,https://static-cdn.jtvnw.net/emoticons/v1/425688/1.0
PowerUpR,https://static-cdn.jtvnw.net/emoticons/v1/425671/1.0
PraiseIt,https://static-cdn.jtvnw.net/emoticons/v1/38586/1.0
PrimeMe,https://static-cdn.jtvnw.net/emoticons/v1/115075/1.0
PunOko,https://static-cdn.jtvnw.net/emoticons/v1/160401/1.0
PunchTrees,https://static-cdn.jtvnw.net/emoticons/v1/47/1.0
QuadDamage,https://static-cdn.jtvnw.net/emoticons/v1/206494/1.0
RaccAttack,https://static-cdn.jtvnw.net/emoticons/v1/114870/1.0
RalpherZ,https://static-cdn.jtvnw.net/emoticons/v1/1900/1.0
RedCoat,https://static-cdn.jtvnw.net/emoticons/v1/22/1.0
ResidentSleeper,https://static-cdn.jtvnw.net/emoticons/v1/245/1.0
RitzMitz,https://static-cdn.jtvnw.net/emoticons/v1/4338/1.0
RlyTho,https://static-cdn.jtvnw.net/emoticons/v1/134256/1.0
RuleFive,https://static-cdn.jtvnw.net/emoticons/v1/107030/1.0
SMOrc,https://static-cdn.jtvnw.net/emoticons/v1/52/1.0
SSSsss,https://static-cdn.jtvnw.net/emoticons/v1/46/1.0
SabaPing,https://static-cdn.jtvnw.net/emoticons/v1/160402/1.0
SeemsGood,https://static-cdn.jtvnw.net/emoticons/v1/64138/1.0
ShadyLulu,https://static-cdn.jtvnw.net/emoticons/v1/52492/1.0
ShazBotstix,https://static-cdn.jtvnw.net/emoticons/v1/87/1.0
SmoocherZ,https://static-cdn.jtvnw.net/emoticons/v1/89945/1.0
SoBayed,https://static-cdn.jtvnw.net/emoticons/v1/1906/1.0
SoonerLater,https://static-cdn.jtvnw.net/emoticons/v1/134472/1.0
Squid1,https://static-cdn.jtvnw.net/emoticons/v1/191762/1.0
Squid2,https://static-cdn.jtvnw.net/emoticons/v1/191763/1.0
Squid3,https://static-cdn.jtvnw.net/emoticons/v1/191764/1.0
Squid4,https://static-cdn.jtvnw.net/emoticons/v1/191767/1.0
StinkyCheese,https://static-cdn.jtvnw.net/emoticons/v1/90076/1.0
StoneLightning,https://static-cdn.jtvnw.net/emoticons/v1/17/1.0
StrawBeary,https://static-cdn.jtvnw.net/emoticons/v1/114876/1.0
SuperVinlin,https://static-cdn.jtvnw.net/emoticons/v1/118772/1.0
SwiftRage,https://static-cdn.jtvnw.net/emoticons/v1/34/1.0
TBAngel,https://static-cdn.jtvnw.net/emoticons/v1/143490/1.0
TBCrunchy,https://static-cdn.jtvnw.net/emoticons/v1/200208/1.0
TBTacoBag,https://static-cdn.jtvnw.net/emoticons/v1/200211/1.0
TBTacoProps,https://static-cdn.jtvnw.net/emoticons/v1/200212/1.0
TF2John,https://static-cdn.jtvnw.net/emoticons/v1/1899/1.0
TPFufun,https://static-cdn.jtvnw.net/emoticons/v1/508650/1.0
TPcrunchyroll,https://static-cdn.jtvnw.net/emoticons/v1/323914/1.0
TTours,https://static-cdn.jtvnw.net/emoticons/v1/38436/1.0
TakeNRG,https://static-cdn.jtvnw.net/emoticons/v1/112292/1.0
TearGlove,https://static-cdn.jtvnw.net/emoticons/v1/160403/1.0
TehePelo,https://static-cdn.jtvnw.net/emoticons/v1/160404/1.0
ThankEgg,https://static-cdn.jtvnw.net/emoticons/v1/160392/1.0
TheIlluminati,https://static-cdn.jtvnw.net/emoticons/v1/145315/1.0
TheRinger,https://static-cdn.jtvnw.net/emoticons/v1/18/1.0
TheTarFu,https://static-cdn.jtvnw.net/emoticons/v1/111351/1.0
TheThing,https://static-cdn.jtvnw.net/emoticons/v1/7427/1.0
ThunBeast,https://static-cdn.jtvnw.net/emoticons/v1/1898/1.0
TinyFace,https://static-cdn.jtvnw.net/emoticons/v1/111119/1.0
TooSpicy,https://static-cdn.jtvnw.net/emoticons/v1/114846/1.0
TotinosRecruit,https://static-cdn.jtvnw.net/emoticons/v1/508741/1.0
TotinosRing,https://static-cdn.jtvnw.net/emoticons/v1/508740/1.0
TriHard,https://static-cdn.jtvnw.net/emoticons/v1/120232/1.0
TwitchLit,https://static-cdn.jtvnw.net/emoticons/v1/166263/1.0
TwitchRPG,https://static-cdn.jtvnw.net/emoticons/v1/191747/1.0
TwitchUnity,https://static-cdn.jtvnw.net/emoticons/v1/196892/1.0
TwitchVotes,https://static-cdn.jtvnw.net/emoticons/v1/479745/1.0
UWot,https://static-cdn.jtvnw.net/emoticons/v1/134255/1.0
UnSane,https://static-cdn.jtvnw.net/emoticons/v1/111792/1.0
UncleNox,https://static-cdn.jtvnw.net/emoticons/v1/114856/1.0
VaultBoy,https://static-cdn.jtvnw.net/emoticons/v1/206490/1.0
VoHiYo,https://static-cdn.jtvnw.net/emoticons/v1/81274/1.0
VoteNay,https://static-cdn.jtvnw.net/emoticons/v1/106294/1.0
VoteYea,https://static-cdn.jtvnw.net/emoticons/v1/106293/1.0
WTRuck,https://static-cdn.jtvnw.net/emoticons/v1/114847/1.0
WholeWheat,https://static-cdn.jtvnw.net/emoticons/v1/1896/1.0
WutFace,https://static-cdn.jtvnw.net/emoticons/v1/28087/1.0
YouDontSay,https://static-cdn.jtvnw.net/emoticons/v1/134254/1.0
YouWHY,https://static-cdn.jtvnw.net/emoticons/v1/4337/1.0
bleedPurple,https://static-cdn.jtvnw.net/emoticons/v1/62835/1.0
cmonBruh,https://static-cdn.jtvnw.net/emoticons/v1/84608/1.0
copyThis,https://static-cdn.jtvnw.net/emoticons/v1/112288/1.0
duDudu,https://static-cdn.jtvnw.net/emoticons/v1/62834/1.0
imGlitch,https://static-cdn.jtvnw.net/emoticons/v1/112290/1.0
mcaT,https://static-cdn.jtvnw.net/emoticons/v1/35063/1.0
panicBasket,https://static-cdn.jtvnw.net/emoticons/v1/22998/1.0
pastaThat,https://static-cdn.jtvnw.net/emoticons/v1/112289/1.0
riPerpperonis,https://static-cdn.jtvnw.net/emoticons/v1/62833/1.0
twitchRaid,https://static-cdn.jtvnw.net/emoticons/v1/62836/1.0